{"accuracy": 0.9025512337933919, "f1_score": 0.9021943786292966}